Datetime,Water Level (m)
2025-08-01 06:00:00,0.7711122
2025-08-01 07:00:00,0.86437213
2025-08-01 08:00:00,0.8393263
2025-08-01 09:00:00,0.7134086
2025-08-01 10:00:00,0.5103537
2025-08-01 11:00:00,0.26328725
2025-08-01 12:00:00,0.064747214
2025-08-01 13:00:00,-0.045562543
2025-08-01 14:00:00,-0.06868708
2025-08-01 15:00:00,0.019523157
2025-08-01 16:00:00,0.17851162
2025-08-01 17:00:00,0.37360302
2025-08-01 18:00:00,0.5757304
2025-08-01 19:00:00,0.72504365
2025-08-01 20:00:00,0.78020364
2025-08-01 21:00:00,0.76525325
2025-08-01 22:00:00,0.6773841
2025-08-01 23:00:00,0.54210645
2025-08-02 00:00:00,0.38831222
2025-08-02 01:00:00,0.26237097
2025-08-02 02:00:00,0.20659924
2025-08-02 03:00:00,0.22864795
2025-08-02 04:00:00,0.31327546
2025-08-02 05:00:00,0.4460348
2025-08-02 06:00:00,0.59521514
2025-08-02 07:00:00,0.69495785
2025-08-02 08:00:00,0.7186118
2025-08-02 09:00:00,0.668889
2025-08-02 10:00:00,0.56393474
2025-08-02 11:00:00,0.41297612
2025-08-02 12:00:00,0.24346231
2025-08-02 13:00:00,0.09342317
2025-08-02 14:00:00,0.0039519393
2025-08-02 15:00:00,-0.017207231
2025-08-02 16:00:00,0.04638266
2025-08-02 17:00:00,0.17534536
2025-08-02 18:00:00,0.35815486
2025-08-02 19:00:00,0.53694445
2025-08-02 20:00:00,0.6713825
2025-08-02 21:00:00,0.72881335
2025-08-02 22:00:00,0.72602165
2025-08-02 23:00:00,0.6632662
2025-08-03 00:00:00,0.57055515
2025-08-03 01:00:00,0.4529134
2025-08-03 02:00:00,0.35348406
2025-08-03 03:00:00,0.30080307
2025-08-03 04:00:00,0.28905663
2025-08-03 05:00:00,0.32095546
2025-08-03 06:00:00,0.40462053
2025-08-03 07:00:00,0.4987703
2025-08-03 08:00:00,0.57121265
2025-08-03 09:00:00,0.6057688
2025-08-03 10:00:00,0.5942865
2025-08-03 11:00:00,0.51219076
2025-08-03 12:00:00,0.39753
2025-08-03 13:00:00,0.2543721
2025-08-03 14:00:00,0.11331539
2025-08-03 15:00:00,0.024684962
2025-08-03 16:00:00,-0.0010705343
2025-08-03 17:00:00,0.03509028
2025-08-03 18:00:00,0.13798843
2025-08-03 19:00:00,0.2992877
2025-08-03 20:00:00,0.46971825
2025-08-03 21:00:00,0.61186856
2025-08-03 22:00:00,0.70146924
2025-08-03 23:00:00,0.73779887
2025-08-04 00:00:00,0.7137329
2025-08-04 01:00:00,0.63229966
2025-08-04 02:00:00,0.5138002
2025-08-04 03:00:00,0.39481106
2025-08-04 04:00:00,0.29669026
2025-08-04 05:00:00,0.24553667
2025-08-04 06:00:00,0.24128623
2025-08-04 07:00:00,0.28044227
2025-08-04 08:00:00,0.35977915
2025-08-04 09:00:00,0.43512306
2025-08-04 10:00:00,0.49021983
2025-08-04 11:00:00,0.50293976
2025-08-04 12:00:00,0.47363853
2025-08-04 13:00:00,0.39490834
2025-08-04 14:00:00,0.26325852
2025-08-04 15:00:00,0.12632163
2025-08-04 16:00:00,0.016997086
2025-08-04 17:00:00,-0.040531013
2025-08-04 18:00:00,-0.039234295
2025-08-04 19:00:00,0.06463257
2025-08-04 20:00:00,0.23504293
2025-08-04 21:00:00,0.4333529
2025-08-04 22:00:00,0.6170589
2025-08-04 23:00:00,0.7618504
2025-08-05 00:00:00,0.83099616
2025-08-05 01:00:00,0.8256842
2025-08-05 02:00:00,0.7377276
2025-08-05 03:00:00,0.59787446
2025-08-05 04:00:00,0.4271045
2025-08-05 05:00:00,0.27504292
2025-08-05 06:00:00,0.17674813
2025-08-05 07:00:00,0.14196782
2025-08-05 08:00:00,0.18830957
2025-08-05 09:00:00,0.29623246
2025-08-05 10:00:00,0.42639816
2025-08-05 11:00:00,0.5271175
2025-08-05 12:00:00,0.58147144
2025-08-05 13:00:00,0.5711613
2025-08-05 14:00:00,0.48436835
2025-08-05 15:00:00,0.32483333
2025-08-05 16:00:00,0.14097351
2025-08-05 17:00:00,-0.016119942
2025-08-05 18:00:00,-0.10483052
2025-08-05 19:00:00,-0.09289355
2025-08-05 20:00:00,0.028448934
2025-08-05 21:00:00,0.22707129
2025-08-05 22:00:00,0.47931886
2025-08-05 23:00:00,0.72067165
2025-08-06 00:00:00,0.896538
2025-08-06 01:00:00,0.9789115
2025-08-06 02:00:00,0.9566604
2025-08-06 03:00:00,0.82832927
2025-08-06 04:00:00,0.6122853
2025-08-06 05:00:00,0.38058993
2025-08-06 06:00:00,0.18307193
2025-08-06 07:00:00,0.05326881
2025-08-06 08:00:00,0.034813367
2025-08-06 09:00:00,0.126701
2025-08-06 10:00:00,0.29964617
2025-08-06 11:00:00,0.4806838
2025-08-06 12:00:00,0.63787806
2025-08-06 13:00:00,0.71702236
2025-08-06 14:00:00,0.6809968
2025-08-06 15:00:00,0.5481529
2025-08-06 16:00:00,0.33722675
2025-08-06 17:00:00,0.09194222
2025-08-06 18:00:00,-0.10358886
2025-08-06 19:00:00,-0.20619792
2025-08-06 20:00:00,-0.16757467
2025-08-06 21:00:00,0.004948516
2025-08-06 22:00:00,0.28425482
2025-08-06 23:00:00,0.6044868
2025-08-07 00:00:00,0.8940566
2025-08-07 01:00:00,1.0905646
2025-08-07 02:00:00,1.1473836
2025-08-07 03:00:00,1.0606334
2025-08-07 04:00:00,0.85212046
2025-08-07 05:00:00,0.55153537
2025-08-07 06:00:00,0.25816482
